{"cameraMode":{"drawMode":0,"name":"Shaded","section":"Shading Mode"},"sceneLighting":true,"audioPlay":false,"sceneViewState":{"m_AlwaysRefresh":false,"showFog":true,"showSkybox":true,"showFlares":true,"showImageEffects":true,"showParticleSystems":true,"showVisualEffectGraphs":true,"m_FxEnabled":true},"in2DMode":false,"pivot":{"x":-239.1058807373047,"y":-100.32118225097656,"z":589.9178466796875},"rotation":{"x":0.07652832567691803,"y":-0.18788008391857148,"z":0.014672277495265007,"w":0.9791149497032166},"size":324.7476501464844,"orthographic":false}